地區,公司,職類,類別,工具/技能,性質,可準備性,證據等級,來源編號,快照日期,備註
台灣,雷亞 Rayark,程式,語言,C# / C/C++ / Rust（擇一）,—,🟢,A,1,2026-10-06,必備欄
台灣,雷亞 Rayark,程式,基礎,資料結構與演算法 / 計算機架構與作業系統 / 計算機網路,—,🟢,A,1,2026-10-06,必備欄
台灣,雷亞 Rayark,程式,年資,4 年以上程式設計經驗,—,—,A,1,2026-10-06,必備欄
台灣,雷亞 Rayark,程式,引擎,Unity3D 或 Unreal Engine,授權,🟢,A,1,2026-10-06,加分欄（非必備）
台灣,雷亞 Rayark,程式,圖學,計算機圖形與線性代數,—,🟢,A,1,2026-10-06,加分欄
台灣,泥巴娛樂 NeoBards,美術,引擎,Unreal Engine（material shader 製作與工作流）,授權,🟢,B,7,2026-10-06,Material Artist 必備；3 年以上
台灣,泥巴娛樂 NeoBards,美術,引擎,多引擎經驗（未點名）,—,—,A,8,2026-10-06,Art Director 要求
台灣,泥巴娛樂 NeoBards,程式,引擎,RE ENGINE,授權（CAPCOM 內部）,🔴,B,6,2026-10-06,作品事證；官方 careers 6 個職缺皆未列為條件
台灣,泥巴娛樂 NeoBards,全職類,—,台北職缺共 6 個（Game Designer UI/UX、Art Director、Combat Design Lead、Level Design Lead、Senior TA、Senior Programmer）,—,—,A,6,2026-10-06,快照當日
台灣,鈊象電子 IGS,程式,引擎,Unity,授權,🟢,B,10,2026-10-06,Unity 遊戲開發工程師必備
台灣,鈊象電子 IGS,程式,基礎,物件導向設計,—,🟢,B,10,2026-10-06,必備
台灣,鈊象電子 IGS,程式,平台,Android / iOS 開發與上架經驗,—,🟢,B,10,2026-10-06,必備
台灣,鈊象電子 IGS,程式,圖學,Shader 開發,—,🟢,B,10,2026-10-06,加分
台灣,鈊象電子 IGS,程式,後端,Game Server 開發,—,🟢,B,10,2026-10-06,加分
台灣,鈊象電子 IGS,資料,資料,Python + SQL + BigQuery,開源/雲端,🟢,A,11,2026-10-06,行銷 AI 應用工程師
台灣,Garena 台灣,後端,語言,C/C++ / Python / Java / Go（擇一）,—,🟢,A,9,2026-10-06,必備；職務為遊戲營收活動網頁，非引擎開發
台灣,Garena 台灣,後端,資料庫,MySQL,開源,🟢,A,9,2026-10-06,
台灣,唯晶科技 Winking Studios,美術,DCC,3ds Max / Maya / ZBrush,授權,🟢,B,28,2026-10-06,上海 TA 職缺
台灣,唯晶科技 Winking Studios,美術,2D,Photoshop,授權,🟢,B,28,2026-10-06,
台灣,唯晶科技 Winking Studios,美術,引擎,Unreal Engine 4,授權,🟢,B,28,2026-10-06,精通
台灣,遊戲橘子 Gamania,網頁,設計工具,Figma,授權,🟢,A,34,2026-10-06,加分；該批職缺以 Web/營運為主
台灣,赤燭遊戲 Red Candle,程式,引擎,Unity,授權,🟢,B,—,2026-10-06,作品事證（九日 Nine Sols）；本輪未查到公開職缺
台灣,SIGONO,—,—,查無資料,—,—,D,—,2026-10-06,本輪未查到公開職缺
台灣,宇峻奧汀 UserJoy,—,—,查無資料,—,—,D,—,2026-10-06,
台灣,大宇資訊 Softstar,—,—,查無資料,—,—,D,—,2026-10-06,
台灣,智冠科技 Soft-World,—,—,查無資料,—,—,D,—,2026-10-06,
日本,CAPCOM,程式,引擎,RE ENGINE / REX,自研,🔴,A,—,2026-10-06,沿用第一階段
日本,CAPCOM,程式,序列化,RE:Dox,自研已開源 Apache-2.0,🟡,A,—,2026-10-06,沿用第一階段
日本,CAPCOM,音效,中介軟體,CRI ADX2 vs Wwise,授權,🟢,D,31,2026-10-06,來源衝突本輪仍未裁決
日本,Cygames / Cysharp,程式,引擎,Unity,授權,🟢,A,—,2026-10-06,沿用第一階段
日本,Cygames / Cysharp,程式,函式庫,UniTask / MemoryPack / MagicOnion / R3,自研開源,🟡,A,—,2026-10-06,最佳代理練習標的
日本,Bandai Namco Studios,技術美術,引擎,Unreal Engine,授權,🟢,A,2,2026-10-06,必須欄
日本,Bandai Namco Studios,技術美術,圖學,HLSL shader 開發,—,🟢,A,2,2026-10-06,必須欄
日本,Bandai Namco Studios,技術美術,DCC,MAYA,授權,🟢,A,2,2026-10-06,必須欄
日本,Bandai Namco Studios,技術美術,DCC,Houdini,授權,🟢,A,2,2026-10-06,必須欄
日本,Bandai Namco Studios,技術美術,引擎,Unity 或 内製エンジン,授權/自研,🟢/🔴,A,2,2026-10-06,必須欄以「或」並列，自研非門檻
日本,Bandai Namco Studios,技術美術,腳本,Python 工具開發,開源,🟢,A,2,2026-10-06,歓迎欄
日本,Bandai Namco Studios,程式,引擎,自研新引擎（2019 啟動、2020 reboot、50+ 工程師）,自研,🔴,B,13;14,2026-10-06,與 Unity/UE5 並用
日本,Square Enix,動畫,DCC,DCC 工具角色動畫製作經驗,授權,🟢,A,5,2026-10-06,必須欄
日本,Square Enix,動畫,DCC,Maya（簡易 rig 設定）,授權,🟢,A,5,2026-10-06,歓迎欄
日本,Square Enix,動畫,求職品,Portfolio（必須提交）,—,🟢,A,5,2026-10-06,
日本,Square Enix,程式,引擎,Luminous Studio,自研（不對外授權）,🔴,C,35,2026-10-06,
日本,SEGA（RGG スタジオ）,程式,語言,C++ 應用程式開發經驗（不限遊戲）,—,🟢,A,4,2026-10-06,必須欄；明示不限遊戲
日本,SEGA（RGG スタジオ）,程式,圖學,3D 圖形 API,—,🟢,A,4,2026-10-06,歓迎欄
日本,SEGA,程式,引擎,Unreal Engine + Behavior Tree,授權,🟢,B,12,2026-10-06,NPC/敵 AI 程式必須；C++ 3 年以上
日本,SEGA,程式,引擎,Unity + C#（手機）,授權,🟢,B,12,2026-10-06,手機客戶端必須，1 年以上
日本,SEGA,程式,引擎,Hedgehog Engine 2,自研,🔴,C,32,2026-10-06,Sonic 系列
日本,Nintendo Systems,程式,語言,C++（C++17/C++20）,—,🟢,A,3,2026-10-06,利用技術
日本,Nintendo Systems,程式,語言,C#（.NET SDK 6 / WPF）,—,🟢,A,3,2026-10-06,利用技術
日本,Nintendo Systems,程式,圖形 API,Vulkan / DirectX12,—,🟢,A,3,2026-10-06,利用技術
日本,Nintendo Systems,程式,DCC,MAYA / Photoshop,授權,🟢,A,3,2026-10-06,利用技術
日本,Nintendo Systems,程式,門檻,C++ 或桌面應用開發實務經驗（不限遊戲）,—,🟢,A,3,2026-10-06,必須欄；子公司非任天堂本體
日本,任天堂（本體）,—,—,查無資料,—,—,D,—,2026-10-06,本輪未取得本體採用頁
日本,FromSoftware,程式,物理,Havok,授權,🟢,C,—,2026-10-06,Dark Souls 2 事證，年代較舊
中國,騰訊 Tencent,程式,引擎,Unreal Engine 4（架構/渲染管線/執行緒模型）,授權,🟢,B,16,2026-10-06,資深客戶端：5 年遊戲客戶端 + 2 年 UE4
中國,騰訊 Tencent,程式,語言,C/C++（精通）,—,🟢,B,16,2026-10-06,必備
中國,騰訊 Tencent,程式,語言,Lua 與 Lua VM,開源,🟢,B,16,2026-10-06,加分
中國,騰訊 Tencent,程式,圖形 API,OpenGL / DirectX / Metal / Vulkan / shader,—,🟢,B,16,2026-10-06,加分
中國,騰訊 Tencent,程式,效能,行動端效能優化、crash 分析、CPU/GPU 架構,—,🟢,B,16,2026-10-06,加分
中國,騰訊 Tencent,技術美術,引擎,UE5 高階渲染 / HLSL / Unreal PCG / Houdini,授權,🟢,C,17,2026-10-06,倫敦 TA 職缺；僅搜尋摘要
中國,騰訊 Tencent,反作弊,中介軟體,ACE Anti-Cheat Expert,自研,🔴,B,27,2026-10-06,PUBG Mobile / Arena Breakout 等
中國,網易 NetEase,程式,引擎,Messiah（2014 起，跨 iOS/macOS/Android/PC/Linux/PS4/PS5/Switch/Xbox）,自研,🔴,B,15,2026-10-06,PBR、GPU particles、即時光照
中國,網易 NetEase,程式,引擎,NeoX（2005，休閒/手遊）,自研,🔴,B,15,2026-10-06,陰陽師等
中國,網易 NetEase,程式,語言,C/C++ + 演算法與系統設計,—,🟢,C,15,2026-10-06,校招要求
中國,miHoYo / HoYoverse,程式,引擎,Unity,授權,🟢,B,—,2026-10-06,沿用第一階段
中國,疊紙 Papergames,—,—,技術棧查無資料,—,—,D,30,2026-10-06,2027 校招含技術/美術/動畫CG/遊戲音頻
歐美,EA / DICE,程式,引擎,Frostbite,自研,🔴,B,18,2026-10-06,
歐美,EA / DICE,程式,語言,C++ / C#（3 年以上，senior 5 年以上）,—,🟢,B,18,2026-10-06,
歐美,EA / DICE,程式,基礎,物件導向設計模式、測試自動化,—,🟢,B,18,2026-10-06,
歐美,EA / DICE,程式,引擎,Frostbite 或 Unreal 或 Unity（擇一）,—,🟢,B,18,2026-10-06,自研引擎以「或」並列
歐美,Epic Games,程式,引擎,Unreal Engine,自研但公開可免費學,🟢,A,—,2026-10-06,唯一「內部引擎=可直接下載練」
歐美,Embark Studios,程式,語言,Rust,開源,🟢,A,—,2026-10-06,沿用第一階段
產業橫向,—,全職類,版控,Perforce Helix Core,授權（含免費小團隊方案）,🟢,C,19,2026-10-06,供應商自述 19/20 AAA 在用
產業橫向,—,全職類,版控,Git + Git LFS,開源,🟢,C,19,2026-10-06,獨立團隊主流
產業橫向,—,美術,DCC,Maya,授權,🟢,A,2;3;5,2026-10-06,三家官方 JD 交叉點名
產業橫向,—,美術,DCC,Houdini,授權（有免費 Apprentice）,🟢,A,2,2026-10-06,Bandai Namco 必須欄
產業橫向,—,美術,DCC,ZBrush,授權,🟢,B,28;33,2026-10-06,高模雕刻
產業橫向,—,美術,材質,Substance 3D Painter / Designer,授權,🟢,C,33,2026-10-06,PBR 貼圖主流
產業橫向,—,美術,烘焙,Marmoset Toolbag,授權,🟢,C,33,2026-10-06,
產業橫向,—,美術,2D,Photoshop,授權,🟢,A,3;28,2026-10-06,
產業橫向,—,美術,素材庫,Quixel Megascans（2024-10 併入 Fab；2025 起逐件收費）,授權,🟢,B,24;25,2026-10-06,2024 年底前可免費全庫領取
產業橫向,—,美術,素材庫,Poly Haven / ambientCG / LotPixel（CC0 或可商用）,開源/免費,🟢,C,26,2026-10-06,Megascans 免費替代
產業橫向,—,音效,中介軟體,Wwise（Audiokinetic，2019-01 由 SIE 收購）,授權（個人免費版）,🟢,A,22,2026-10-06,6 成以上 game audio JD 點名
產業橫向,—,音效,中介軟體,FMOD,授權（小額收入免費）,🟢,C,20;21,2026-10-06,Fortnite / Hollow Knight / Celeste
產業橫向,—,音效,中介軟體,CRI ADX,授權,🟢,C,21;31,2026-10-06,日本市場第三大，歐美幾乎不見
產業橫向,—,音效,DAW,Reaper（JD 出現率 39%，第一名）,授權（個人授權最低價）,🟢,B,23,2026-10-06,
產業橫向,—,音效,DAW,Pro Tools（33%）/ Nuendo（19%）/ Sound Forge（19%）/ Cubase（13%）,授權,🟢,B,23,2026-10-06,
產業橫向,—,音效,外掛,Waves / FabFilter / iZotope / Soundtoys,授權,🟢,C,23,2026-10-06,
產業橫向,—,程式,反作弊,Easy Anti-Cheat,授權（Epic 免費）,🟡,B,27,2026-10-06,Fortnite/ELDEN RING/Apex 等
產業橫向,—,程式,反作弊,BattlEye,授權,🔴,B,27,2026-10-06,R6 Siege / Tarkov / ARK
產業橫向,—,程式,反作弊,Denuvo Anti-Cheat,授權,🔴,B,27,2026-10-06,ARC Raiders / THE FINALS
日本,CAPCOM,音效,DAW,DAW（Pro Tools 等）與波形編輯軟體實務,授權,🟢,A,36,2026-10-06,サウンドデザイナー（効果音）必須欄
日本,CAPCOM,音效,經驗,家用主機／電影／TV／動畫任一的效果音製作經驗,—,🟢,A,36,2026-10-06,必須欄
日本,CAPCOM,音效,中介軟體,Wwise,授權,🟢,A,36,2026-10-06,歓迎欄；同一 JD 未提及 CRI ADX
日本,CAPCOM,音效,技法,Foley（含錄音）,—,🟢,A,36,2026-10-06,歓迎欄
日本,CAPCOM,美術,門檻,角色製作相關知識／技術／實務經驗（不指定工具）,—,🟢,A,38,2026-10-06,キャラクターモデラー（大阪）必須欄
日本,CAPCOM,美術,DCC,Maya 等多種 DCC 使用經驗,授權,🟢,A,38,2026-10-06,歓迎欄
日本,CAPCOM,美術,圖學,Shader／Script 知識,—,🟢,A,38,2026-10-06,歓迎欄
日本,Bandai Namco Studios,音效,中介軟體,UE + Wwise、CRI ADX,授權,🟢,A,37,2026-10-06,サウンドデザイナー必須欄（兩者皆列）
日本,Bandai Namco Studios,音效,技法,Foley／MA／環繞聲製作、音響工程知識,—,🟢,A,37,2026-10-06,必須欄
日本,Bandai Namco Studios,音效,DAW,Pro Tools / Reaper / Nuendo,授權,🟢,A,37,2026-10-06,歓迎欄；Reaper 獲 A 級佐證
日本,Bandai Namco Studios,音效,引擎,Unreal Engine / Unity,授權,🟢,A,37,2026-10-06,歓迎欄
日本,Cygames,美術,DCC,Maya / 3ds Max / Softimage / Blender（擇一）3DCG 實務 2 年以上,授權/開源,🟢,A,39,2026-10-06,3DCG・キャラクターアーティスト必須欄；Blender 在必須欄
日本,Cygames,美術,DCC,ZBrush / Substance / Houdini / MotionBuilder,授權,🟢,A,39,2026-10-06,歓迎欄
日本,Cygames,美術,材質,PBR 材質設定、Substance Designer,授權,🟢,B,40,2026-10-06,背景アーティスト歓迎欄；年収 400–1000 萬円
日本,SEGA,音效,中介軟體,音訊中介軟體或遊戲引擎（UE/Unity 等）的音效實裝經驗,授權,🟢,B,41,2026-10-06,技術本部サウンドデザイナー必須欄；想定配属 龍が如く／ソニック
日本,SEGA,音效,經驗,1 款以上家用主機遊戲的音效開發經驗,—,—,B,41,2026-10-06,必須欄
日本,FromSoftware,美術,DCC,3ds Max / ZBrush（入社後使用；應徵時不問使用軟體）,授權,🟢,B,42,2026-10-06,背景 3D 藝術家；年収 400–800 萬円
日本,FromSoftware,音效,門檻,遊戲開發或影像製作 1 年以上，或 IT 業 3 年以上,—,—,B,43,2026-10-06,サウンドデザイナー／コンポーザー
中國,miHoYo / HoYoverse,美術,DCC,3ds Max / Maya / ZBrush / Substance Painter / Marvelous Designer（皆需熟練）,授權,🟢,C,44,2026-10-06,3D 角色（次世代 PBR）建模師；2 年以上
中國,miHoYo / HoYoverse,美術,引擎,Unreal Engine（需能獨立完成引擎內資產調整）,授權,🟢,C,44,2026-10-06,該職缺用 UE 而非 Unity
歐美,EA / Electronic Arts,原始碼釋出,遊戲本體,Command & Conquer: Tiberian Dawn + Red Alert,官方釋出 GPLv3（2020-06）,🟢,B,45,2026-10-06,唯一一筆主動釋出；不含美術資產與引擎本體；Wikipedia 兩份清單皆未收錄
歐美,Epic Games,原始碼釋出,遊戲本體,ZZT（1991，Potomac Computer Systems）,官方釋出 MIT（2023）,🟢,B,46,2026-10-06,
歐美,Epic Games,原始碼釋出,外流,Gears of War,外流非釋出,🔴,B,46,2026-10-06,不可作為合法學習素材
歐美,EA / Electronic Arts,原始碼釋出,外流,B.O.B. / FIFA 97 / F.A. Premier League Stars / FIFA 21,外流或誤放非釋出,🔴,B,46,2026-10-06,FIFA 21 為 2021 年勒索軟體外洩
日本,任天堂,原始碼釋出,外流,Donkey Kong（Atari 8-bit 版 6502 組語，2008 論壇）,非官方,🔴,B,46,2026-10-06,
日本,SEGA,原始碼釋出,檔案保存,街機／Game Gear／Genesis 開發機回收碼（2021 上傳）,非官方釋出,🔴,B,46,2026-10-06,
日本,CAPCOM,原始碼釋出,引擎元件,REDox（CAPCOM-TD-OSS 唯一公開 repo）,官方開源 Apache-2.0,🟡,A,47,2026-10-06,引擎元件非遊戲本體
歐美,Ubisoft,原始碼釋出,工具,Sharpmake（C# 專案產生器，AC3 2011 起內部使用）,官方開源,🟡,B,48,2026-10-06,
歐美,Ubisoft,原始碼釋出,伺服器,Massgate（World in Conflict 線上後端）,官方開源,🟡,B,48,2026-10-06,
歐美,Ubisoft,原始碼釋出,工具,Chroma / UbiChroma（色盲模擬）,官方開源,🟡,B,48,2026-10-06,
日本,Square Enix,原始碼釋出,—,無官方釋出；部分舊作原始碼已遺失,—,—,B,49,2026-10-06,FF Tactics 重製時靠分析既有版本重建
